id,qmax,vf,w,kjam
0,1797.656,103.3231,18.4254,157.0142
1,1634.984,101.202,10.7346,244.6848
2,1213.26,97.62764,6.80753,286.8227
